x1,x2,x3,y
0.4624862154770766,-0.209778307282662,-0.32516776025717564,0.9734251035284069
-0.5310152857424351,1.0,0.6345713460346867,7.419394929743718
-0.4668339824340271,-0.6244879453051311,-0.9498349825820722,-1.9927261626634305
-1.0,0.5081325869795539,0.6857394391015041,-4.221758585139637
1.0,0.7924209450231889,-0.9453310911805741,17.489899332126758
-0.4367216269877727,-0.5019193395204014,-0.2979395061832901,1.0240076742675348
1.0,0.22208333713605066,-0.7914188963553654,7.952255417333774
-1.0,-0.6276641835832488,0.8423412311835001,7.040709705154419
-1.0,-0.21960829334614806,-1.0,8.002566868957324
-1.0,-1.0,0.2148393139933531,8.742369064361332
-0.3560961123179833,-0.9042047808305296,0.9055753242648394,-1.3884792082295128
-0.19999951475340882,-0.19490940696560521,0.11066868045585765,0.8010940584031169
-1.0,-1.0,0.12797252610302623,8.518040930429333
-0.03687182636070441,0.34010750681880997,-0.795555752273216,-0.15220817459684421
0.97596986421266,0.8417889118589896,-0.19551940737296736,7.995705963563841
0.02780334657036443,1.0,0.1617622716688527,8.379727135703082
1.0,-0.7700969074226522,-0.28191126863658145,1.4546551608005598
0.725889731135468,-0.1962278465371794,0.2047126117274911,1.6938594102453395
-0.11010342852709498,1.0,0.02496142203087981,8.020324438969606
0.90147003287166,0.871390583608411,1.0,19.341743850569497
0.535616239107273,0.7762000263379638,0.2778688350380474,2.032047803493662
1.0,0.6510674492136166,-0.23950929049166136,5.939369033282287
0.2735649631155779,-0.4959041739420429,-0.1814168842128936,1.6285241433896263
-0.5103463645135788,1.0,1.0,15.859879287356266
0.2881146680320694,0.266351494577894,1.0,1.1577868032656413
0.22443771314137528,-0.89166508537205,-0.07728300678050526,2.4709673062356265
0.5128072050931209,0.610996868817385,-1.0,-2.641209712535983
-0.3547783307108723,-0.8739873097146,0.9091858937538844,-0.5360459149164639
1.0,0.6675301084074938,0.7378900845057494,13.982939866190618
0.28068633334906123,-0.8549864737773578,0.696366932798935,0.40728617019899616
0.3852598501578366,-0.09773734618911911,-1.0,-3.290733307514982
0.2820726222604615,-0.16493035183131455,0.28031314945847186,1.6553915623065343
-0.7440114381818679,0.29841182834775903,1.0,3.211183494448097
0.3158492607087868,-0.41426486284000497,-0.6306811829332148,1.0591689291489619
0.4251280951261174,-1.0,0.21175007824122316,0.9742424753868626
-0.24842671034310526,1.0,-0.22294263607417375,7.21454418534509
0.5845900904301766,-1.0,0.6865037550208823,-1.6615378157141303
-0.6987420242183944,-0.36091516525632295,-0.5804449446557127,0.264530045515182
1.0,0.22621068264550348,-0.14949938212092473,4.109031388400062
-0.9114081698742722,0.9580065399890794,0.15887696705278742,1.8736688238370713
0.2064621002861755,-1.0,0.9197799891005216,-4.932960696147041
1.0,-0.16512916645746833,-0.5850729199711198,5.504348987456541
0.3201330554928963,-1.0,1.0,-6.834929490541506
0.22397216211342807,1.0,-0.39447943129312724,9.632440352389343
-1.0,0.8095296640406637,0.20316355757789828,-1.24840010225592
0.025636691221663455,-0.2997237893473006,-0.7466940415356673,0.06846600974429137
0.6525703432984367,0.9462381146655781,0.9199945772205054,9.877130319217823
-1.0,1.0,-0.12944192618428496,10.131925270178314
0.31770461478991296,-1.0,1.0,-7.472731170493068
0.888371879765085,1.0,-1.0,24.137907270583177
-0.49530905209074505,-1.0,0.9798520537799311,-1.8014158253491408
1.0,1.0,-0.7662260569732731,27.70172850054588
0.24095683844676952,0.31369709113379507,-0.5328105986891201,0.23795301995381335
0.09724301263812762,-0.7057208272960656,0.21544007399508303,1.370699609784101
0.08946234536985154,0.7102917625421332,-0.5531329977037254,1.273098442218662
-1.0,-0.08967476877680314,-0.059682386505836016,-3.6896392949991483
0.6362845367141843,0.3215793939872149,0.8568208091392675,3.6497404694492475
0.14871191386591676,0.10001340316585372,-0.08978510819553476,1.0055880495028537
-0.14152975404514656,0.5322157247467065,0.009953425358995238,0.5243098221597768
0.7277330535516502,0.24213663183949996,-0.10995922464955199,1.4118131403987382
-0.770630817063009,1.0,0.7845579608119209,6.1427178068561545
1.0,-0.48605353694629394,-0.6885570022684109,5.265514619113949
-0.3993714962836441,-0.48196325966171427,-0.5223860966108176,1.1119859994733572
1.0,1.0,0.3242448450442279,13.244396142633047
-0.2714642402846419,-0.9840315759812188,-0.6283772129562475,-1.1728551862254204
-1.0,1.0,0.8663970254721138,5.893756487790021
0.6240173511019738,0.3305930170523097,-1.0,-1.9770492897458738
0.7904452245288767,-0.7664694459175856,-0.4518119529400728,0.26556809395413383
0.31282311813927177,0.5116425263762501,-1.0,-3.6118482349283947
0.8334730506756065,0.6042897755614962,0.5972693192094858,5.181094486518533
0.013394353276853233,-0.9836964659015524,1.0,-6.127747085615404
-0.7934741871402431,0.4194488758345505,0.6168234494450442,-3.335097639618739
0.9016575656685557,-0.05922091017911435,-0.6813389787592794,3.013556627116235
-0.8449690825435194,-1.0,-0.19465928672294752,6.315798015352713
1.0,-0.08869657584158142,0.563466415034545,7.617662875826521
0.4318110567680149,0.46202020936581767,0.11378919791562603,1.5937133943495398
-0.6156160601207794,0.47057265401939685,0.330499466741502,-1.6714406119612828
0.9931000058209147,-2.638341584271231e-05,-1.0,7.480086091559076
-0.2586590224870047,-0.44848394706364214,0.41909465442088156,0.7618583461864163
-0.3710579750693732,-0.6421820834087069,-1.0,-5.601100861585047
-0.6299959367906172,0.05408575146392747,0.03528225559142495,-0.44424625047730315
-0.8143548723902643,0.28185332958311404,-0.2802808397890466,-2.2984100236405363
0.43903422828916905,-0.20751475352850224,-0.519088775708936,1.798532492913866
0.6817746657607733,-1.0,-1.0,-24.955890123650526
-0.027480982567072987,-0.5929454599989885,-1.0,-7.546269441218833
-0.27706603670192975,-0.8592491497739889,1.0,-2.813015674029855
-0.6292998614671221,-0.22263207402586271,-0.3929947850031874,0.2213993151915224
0.18754371711493967,-1.0,-0.981603063618818,-17.604660312506685
0.32630576277711976,-0.5754502418024736,-0.10958762706735836,0.7412589800975073
1.0,0.6053976256328704,-1.0,13.95607543709974
0.6408640303032225,-0.07477747366690846,-0.17570385926641774,2.0964567599045747
-0.5549835005185713,-0.2156196509732926,0.6081313049197832,-0.07885800564065593
1.0,-0.18729886611104907,-0.007377054544734918,4.428980209098183
0.3545828923637757,0.8967090831659472,0.8505774187018629,6.7745801550603755
-0.4238009404070999,0.07658727571724899,-0.21000297020277414,-0.9064753848934124
-0.8860936418729197,-0.7373495275413797,0.1610228502721469,2.3769828662555574
1.0,0.3149721361643596,-1.0,11.213874131216045
-0.28738995478674334,-1.0,0.34979859060468965,1.957930029339412
-0.8084982499820668,0.6070940843309307,-0.4253846701111246,-2.462770521819482
0.7948474809339159,0.38619243294371386,0.49278709450084124,4.636662789762827
-1.0,-0.4680951289448245,0.13269521856019373,-1.605610613575467
0.017176180616229386,-1.0,-1.0,-17.1361106006959
0.5906365062933838,-0.018524540449232907,-0.26494176610415643,0.6302214267183364
0.4567702392548856,-1.0,0.8589559856542286,-2.9001459912243868
0.5120206586920657,0.1645898660397569,1.0,1.5704872508689434
-0.6341035805623079,1.0,1.0,15.193770439079413
0.0792579211857134,0.4690323617468535,0.146079490813942,1.0054958690492866
-1.0,-0.9077901349364599,1.0,20.414631261986287
-0.4036707656155709,-0.2997493328320191,-1.0,-1.9043289820837308
-0.07439778434850886,0.5047630603099458,-0.16641767627111514,-0.5096934155574044
-0.826469257038726,0.40756032516696106,-1.0,4.930352301013549
-0.6988129690216343,0.5314579333593856,-0.554974288846602,-0.6401444503095939
-0.12910474715675013,0.9216823058805352,0.06040714675037573,4.065968083221123
0.5682244631209219,0.9620844692331889,0.011850948971263264,6.467583894428204
0.6816565274395738,0.5964743635244705,-0.8422179837644364,1.7485629411605608
-0.068625958553171,0.09042918677405076,-0.9548503213468291,-1.6408157336919609
-0.022145282791829812,-0.6557432602106141,-0.7811046674521629,-1.122593272614298
-0.328976361261784,0.4567401445577344,-0.9408730113848749,-2.3312100416557398
1.0,0.5490266108097759,-0.3220037750228344,5.866092813510513
-1.0,0.8510397647540602,-0.4054070264444387,5.8420069397351835
1.0,-1.0,0.13347856764600174,-7.176107620215331
-0.4661640798858975,-0.8237831822868327,0.4295832292034001,2.0030113237807856
-0.48364537732920265,-0.8429164016816328,0.07037118797888509,3.1665581891995345
0.019037254257810554,-0.40946001308404933,-0.8135509061627713,-1.4264313915037792
-1.0,1.0,-0.454380265558199,11.376023330922505
-0.589087047695708,0.1881131528225799,-0.2894221330118054,-0.6483415980985613
0.04187299381117171,0.8569577141965876,-0.513978319483001,3.249191572618986
-0.6831200146121446,1.0,1.0,15.933064940153356
-1.0,0.6116732885007572,0.9557871652189913,4.044112971021492
-0.6345596481678217,0.7255134301488801,-0.6116759576730224,-1.9432294083437236
0.6275013583381448,1.0,1.0,10.8399195436958
0.725347608321349,1.0,1.0,13.213177948389502
0.45671371639136504,0.2619321951134099,0.9999492662659633,0.6960451395416727
0.5731160612777964,1.0,-0.638451658590778,11.697676264944793
0.7571670165579365,0.26081386428246334,-0.5058171920592498,2.350992683432964
-0.1491040831111543,-0.7010036351962068,-0.35665872427193523,1.9556685568632999
-1.0,-1.0,-0.11384280074948228,7.019232378069702
0.7024486085674937,-0.9307384565333778,-0.05430937430779936,-0.5285836576518762
-0.65983323720993,0.8051978857910365,0.21797503029565046,-0.9994361968571086
-0.0799870271015326,-1.0,0.07887451700455639,2.3946037750649887
-0.6876406191996052,0.36871279622321484,1.0,3.2808631814727938
-0.559716950265154,0.00784327272501173,-0.15757817498439475,-1.1538388856149293
-0.838507560512354,-1.0,0.6347921645673038,8.114587441576834
-1.0,-0.15675734476763958,0.5779657821202993,-2.52277666322704
-1.0,-1.0,0.48235690369827044,11.846616352949889
0.23291718309573795,0.36632145282178996,-0.02069881767016213,0.3132655085459166
0.35564479436952046,-0.8265708389166448,1.0,-4.888332764883948
-0.509159847961504,0.2165303935015268,0.35043574456523086,-0.7592365157585736
-0.34926778351619703,-1.0,-0.6019066478353032,-1.2744789917460908
-0.4382023320516364,-0.737876276259497,0.966304331051614,-0.5401531009370567
0.3943356960651463,-1.0,-0.4717502443796351,-1.6315298299097474
0.35951193517028623,-0.07462316860549056,-0.4108079751229894,1.5523395676109775
-0.15341661049661015,0.620474128845379,-0.24388031738149807,0.3676472164832886
0.3102035332277959,0.3413830488838596,0.2652299571862251,0.3072468115418091
-1.0,1.0,-1.0,20.665593201371134
1.0,-0.48956202907905655,0.11136975648729708,3.801105012424033
0.4397436583970813,0.07759954083869669,-1.0,-2.566015895029392
0.15529957369428815,0.5041487330466452,0.04674700826981626,0.5424448266704568
-0.634703023816708,-1.0,0.2810079481704071,4.780141768897816
-0.7806347035549488,0.5326836078412105,0.043779718079526075,-3.24899636526374
-1.0,-0.12500207412663644,-1.0,9.569532060519322
1.0,0.8084155479720405,-0.6671743317048224,10.204525757820539
-1.0,1.0,0.8005460982980248,2.5557617700333357
0.7674159290844123,0.18368018028433708,-0.9190930295346325,1.8371453800514292
0.2419150652165445,-1.0,0.4610756308432231,1.8549022209963342
-0.3877095978799463,1.0,-0.7593318419504844,5.80754838294045
-0.6960674153028374,-1.0,0.22975075755673657,5.403918205573066
-0.02241314531341887,-0.3574220540377502,0.8860222934549649,-0.4580181954350813
-1.0,-0.09794012940284591,-0.19614590610452032,-3.1048830576444835
0.4162883979695129,0.3341947147473283,0.44005620586250416,1.1331811595921957
0.060517749378090624,0.06752876759776516,0.2984602203922839,1.0924536965794964
0.670807636257555,-0.1348624967660792,-0.1922482743044025,1.878183445422052
0.2589055173489361,-0.22545534882420437,1.0,-1.1261607583994344
0.4646399217256183,0.09185369083604122,0.9752864424675356,-0.4725545587139128
-0.8065803615525098,0.5499088531336973,0.7982470983751528,0.03723394831005533
-0.3585981854732945,0.6848220191437597,0.9666079523953415,5.110192295567064
0.01364277403661629,0.6449302543793543,-0.2486102057177666,0.9721715417023508
-0.20279127352993398,-1.0,0.8848705676466937,-2.6708754897401663
1.0,0.2977943674449264,0.20365811721829163,6.45456655787979
1.0,-0.07852225571692206,-0.8861201885561423,8.544026657121618
1.0,-1.0,0.19584927214049652,-7.814116636154282
0.2355116216337163,1.0,0.876052278569772,10.001221725946769
0.3618414079428496,0.2928517751869222,0.288068077509122,2.00795815796575
0.502613486516114,0.74050257015794,-0.3556294212449098,2.007290546349358
1.0,-0.12315692539644396,1.0,11.450957926531354
0.27244300269072896,-0.3312599796775366,-1.0,-4.762425776058812
0.2200565895830633,0.7797206226579823,-0.5063767458898629,2.6512904444503578
-0.4113437886509843,-0.7646712771282522,1.0,-0.4288564114522251
-1.0,-0.7911089512885938,-1.0,4.9196234732171495
-0.4613580246174105,-0.5318082775462805,-0.6969844709157524,0.19574116908516295
0.08419735625522717,-1.0,-0.5406810968903422,-1.1776066272980437
-1.0,-1.0,-0.007574801127116615,6.704383682790488
0.8149606628216899,-0.755053496267341,0.6391353755313884,0.22096138737633847
-0.7933390325990792,0.5567200025177215,0.29616975391638856,-3.695145217555129
-0.1467262940189369,0.43173723802516073,-0.29200604302782285,0.15695353754810207
1.0,0.4473448362988166,-1.0,12.630780489392839
-0.6195981869252476,0.5868220103642541,-0.23754625993800538,-2.1735335347435845
1.0,0.042927041881077654,0.3532041109012236,6.407923997010515
0.981261590848209,0.7858165634712337,0.727453823342791,14.893048499397214
-0.732741749161842,0.6034652725897747,0.4269287676574156,-3.4152097128004035
-0.7511773178331882,0.13283002893613594,1.0,3.3643916200023343
0.2896022057267025,-0.7012901011496413,0.5098622579242076,0.7659030105403534
0.20523415540352152,-1.0,0.15106796967927294,1.2885661905432404
-0.37474544417287503,-0.33746005013320235,0.2596363117443028,0.31610788356691377
-0.7810470817945645,0.34794155255461434,-0.38732064530219756,-2.171027851637137
-0.4299655685328603,-0.7424613745340554,-0.6251478951599343,0.9052569321238018
-0.7145245296207485,0.8185441376373186,-1.0,0.013213491581670511
1.0,-1.0,-0.20007387271055443,-9.084378920648241
1.0,0.26954082673712043,-0.7144012764679166,6.747043039499319
1.0,0.9572787815638655,0.3547670862567922,12.559899783036919
0.4831187192151496,-0.4738911306239355,-0.7975957514812937,-0.12101026675799428
-0.24406784709771223,0.8483057158506333,-0.6469990120898654,1.6282433802350855
0.8149848702228248,0.812670112085502,-0.17925114045417678,4.136575405924646
-0.9059966542871447,-0.0329793387881161,0.0582443511212003,-3.2993782339035462
-0.7128951970068114,1.0,-0.44544696012681984,4.055300193117211
0.3420206396722607,0.2978816516200178,0.1832674583618492,1.0696170796415683
1.0,-0.8426246205402601,-1.0,-10.758742061802634
0.2119496854759635,-1.0,0.13686631384205894,1.598301309302054
-0.22569141390031144,0.8979679568941425,-1.0,-2.135183498661189
0.28245758810392796,1.0,-0.7543473224288559,10.844665117331813
0.54810551653684,0.07379540056667411,0.9204476576896636,1.0337199578198173
-0.2604318265671679,0.5849170090494713,0.7567502857146793,0.6838338572049996
-0.08705493065160197,0.28528104196388626,0.5170757609628374,0.21888553397649857
1.0,-1.0,0.6940417738216476,-6.419148187953866
0.007528324190654301,-0.9535665163923397,-0.3087459978417044,2.2210849701849265
-0.9249082087435465,1.0,-1.0,12.59201177752581
-1.0,-0.28328951262886104,-1.0,7.037156418478601
-1.0,0.06797842064464166,-0.7111813111315008,0.7322759032120038
-0.8781957153705866,1.0,0.668158473759578,2.1523897680927973
0.839879184367355,0.3736492013861803,0.16961890807499236,4.263707435443105
-0.3873515321536918,-0.3930080142062362,0.8078602458026802,0.7624343618550506
0.11786172094608705,-1.0,-1.0,-17.780508048082268
-0.10891948430307474,-0.0740076171462376,0.2870135409486325,0.36129771363041674
-0.09126681502334688,0.33166822784352723,0.382979208979747,0.48618367505390164
-1.0,-0.2597241265121444,-0.28257006273881013,-2.5969362267595395
-1.0,-1.0,0.31120121388982036,10.501639610111136
-1.0,-1.0,0.2858862442829213,10.260110200396875
-1.0,-0.9543134810445213,0.1228795853995428,7.5462092396169735
0.8312010212588776,-0.03572828367827663,-0.5453640785979785,2.073364663851649
-1.0,0.7236264086328719,0.9469213282867002,5.79697530393455
1.0,-0.8098649390835306,0.9630187462181927,0.5587419413203496
0.016475854681998747,0.5077481997416853,0.9817695905467951,3.4163564015062673
0.516489427066134,0.47148943931918064,0.17364761000428208,0.4802861987348407
0.21388343089283945,0.4421038371560557,0.8329390311275386,1.4106749953001436
-0.3594168627784273,1.0,0.3886159368230353,5.8357718913124135
0.31937512877450014,-0.6152332694902207,-0.2561789708879101,1.8525830022544691
1.0,-0.0870346779518596,0.2521539614774919,5.640768114967908
-0.5297470954553727,0.37759254924125885,-0.24549378863767202,-0.8719136786218342
-0.593484576029522,-0.2616094952635488,0.23202105926679106,0.01934634274692988
0.5830863436544684,-0.05335105478748425,-1.0,-2.119081206150718
1.0,0.28536882060765834,-0.11421600717941938,5.622738350950311
-0.4981800059309405,-0.16655227692388785,1.0,1.1484724951599616
1.0,0.11802746933450381,0.7299505694840889,8.935393045728667
1.0,-0.29891549547118124,-0.06705261205711932,4.588631805392465
-0.27376284620145763,0.7795969394736879,1.0,9.322023193619003
-0.24082152242168342,1.0,-1.0,1.9746381610745307
-0.4882050797804014,0.308755076403443,-0.047347755237981515,-1.467810506646339
-0.480455414363421,0.19181794792285456,-0.31954533488118075,-1.01897753786609
0.9107317716512935,-0.31459577993772747,1.0,3.710019059902562
-0.02565198124947843,0.7918876582276206,0.7554917186821799,3.593462337660064
1.0,-0.29242944495263967,0.6776564442033961,6.584733754295709
0.45113942415968555,-1.0,-0.10902155174629868,0.8185257582885703
0.530782355308109,0.05290314714675426,1.0,-0.9310562983918088
-0.5750131012986344,0.3102954393495423,0.05407291614055687,-1.6336260003712268
0.46289445635485005,1.0,0.24001770114013077,7.340501867299976
0.24239543511544048,-1.0,0.3496235657002915,1.4817735735745459
-1.0,0.4117926277709065,-0.4551217715218885,-1.1027778432724964
-0.11084548218672641,1.0,-0.8240594614165595,7.547259879670916
0.10421247623117869,-1.0,-0.20840272709189067,2.296472755806119
0.015824958045984827,-0.3518924099883922,-0.11025739133053336,0.7527748105775457
0.7905173616923507,-0.11539531588772278,1.0,1.6512130547704715
-1.0,0.5081173873699476,0.7042459785823474,-3.427588022147856
0.3995929616264158,0.5042052511109485,0.7199144079562603,1.462472654497836
1.0,0.11424895302368276,-1.0,9.276796204885335
0.5273851611282312,-0.4120438873599599,1.0,-2.7495654876810294
0.14690752053886325,-0.8423456678150516,0.6269877797316106,0.6928242221154998
0.08096652181686781,-0.3137345499614168,0.6951116946096096,-0.23110196831100654
1.0,0.021450655596514157,-0.5807977805184708,5.290870896077503
-0.5444239976809082,1.0,-0.6522791120815692,4.527604994423368
-1.0,-0.324447057386301,1.0,6.602831104638259
0.916648283973353,-0.16172387746854278,1.0,5.123499223188467
-0.07190316516258255,1.0,-0.8622124459017251,7.2262393398374645
0.41573098073801384,-0.12250807174037459,-1.0,-4.274046672265272
0.6584865413242098,-0.5056181414891829,0.8187202610753543,-0.7053129263273421
-0.8560074178089963,0.24566898283174132,-0.8361945398996302,2.6620099590262316
-0.9806295315752867,-0.6758413110432981,0.5341550485990958,3.921555782508379
1.0,-1.0,0.29530557733464113,-7.201800633643811
-0.253479514794255,0.0024537313776815672,-0.5651713276789487,0.9780919775067621
-1.0,-0.41063162272881515,0.06887392291994865,-2.1912284572437613
-0.6426586335392384,0.1315768868608711,0.15441710609382042,-1.1747925934581982
1.0,1.0,-0.7923523819708211,30.18333682046298
0.2477504278987157,0.19881610835445684,0.936456911308319,-0.11803951921626571
0.12513717079306552,-1.0,-0.17887714627177176,1.0811343706560654
-0.21066675040832972,-0.9139150410396011,-0.7502069816757833,-3.3432092995591467
-0.4314644569786519,-0.25967357530256496,0.35885100694001726,-0.40934944150180713
-1.0,-1.0,-0.8408277221645313,2.9452820880739434
0.13122205458932568,-0.21384515271935567,-0.38412560034696863,1.0738859939577299
-0.21718672763487445,0.2672291575769514,-0.3159842164414639,0.22027917512416118
-0.6943316766407179,-0.02866783934474082,0.9010013957768876,0.9029115735305249
0.6743309753949822,-0.05131592308628896,0.5685378706019264,2.472947936944956
0.6068219559926433,-0.4798177175703233,-0.594626828098733,0.4850898526721709
0.7298836012978089,-0.8336126808109521,-1.0,-13.624864388261305
-0.42131736784217155,0.47358935945125546,-0.906223744150682,-2.535419057914969
0.1556048089850408,-1.0,-0.3078969195679475,1.4928687454803176
0.539970277205444,-0.8117081289262571,-0.08826688697225538,1.849671915331394
-1.0,0.5478053624144494,0.8905308201447535,0.5216150728011132
-0.2923404877782665,-1.0,1.0,-5.005492561177782
-1.0,0.26308997267834355,-0.4361620129348831,-1.5060120389524445
-0.19712058516198816,-1.0,-1.0,-15.67025935489121
-0.2861921934662859,0.21401228192914834,0.6031076925657455,-0.8988613893522591
0.35182148735313956,-0.8697269671364491,-0.44444025655751274,1.5574935748946372
0.32995262354878196,-0.7021366501675865,-1.0,-9.235288141649171
0.012930336377403151,-1.0,-1.0,-16.678503471225245
0.3042463972293319,1.0,-1.0,6.004711564149439
1.0,0.5856389165054361,0.5260994601743063,10.89675180665665
0.5881352230175041,0.05939967620531883,1.0,0.4478815217409179
-1.0,1.0,-0.04744949305891244,8.086067389285168
1.0,1.0,0.16361476712858236,13.877454268831455
-0.6904124094849948,0.4971469848523331,-0.022750658677466395,-2.583569943480159
-0.2506908617664001,-1.0,-1.0,-15.15936028076643
-0.4469683104009454,0.044835664966104805,0.581737976693433,-0.6725031536589072
0.6279029791079138,-1.0,-0.5203115465352535,-3.768425767862726
-0.1797896563722452,1.0,-1.0,2.2847662124065202
1.0,1.0,0.38108457580199206,14.947958048069022
-0.6847662865988808,-0.49545263011707497,-0.6118777794453365,1.780109765540422
-1.0,-0.04040583554561161,0.7379960297684145,-2.2924108644076724
-1.0,1.0,-1.0,21.371425572017426
0.6582737516479322,0.9357962435637437,-1.0,5.197423718050616
0.11923112136576175,0.11220481383658609,0.45234029324738545,0.14500960928764633
-1.0,-0.7649945010514703,0.4210572756323214,3.572824763944223
1.0,0.5562745079790643,1.0,23.74635432763937
1.0,0.9062035291619066,-0.18313505859123036,10.69766557293343
-0.5698007424271776,0.20452186381444037,0.28512067625762105,-1.745836030716739
1.0,-0.2752173560156215,0.7563294888068457,6.830783385001843
0.6357400295522693,-0.2951711705009399,-0.5651764949129503,1.4771600438025365
-0.6924763976986272,0.9478293084191756,0.004964962674769646,2.711600793367463
1.0,-0.4354882665535573,0.5461138944705357,5.391336548209112
-0.6436952672021712,0.49183804140470166,-0.11408893135495224,-1.2921156928048032
-1.0,1.0,0.5268453826802517,1.9678809829027943
0.3131755899456099,1.0,0.12352875868325497,7.67172548755168
-0.8803879699257033,-0.409203138408212,0.838493345585702,3.1994188741492753
0.9610820527511155,0.6999312305458896,-0.7152531190433749,7.679713233428041
0.6634699096695422,1.0,-0.512490510255929,12.169899167042587
0.5040413962340453,-0.85685248338604,0.3513614255288331,0.9009643553926561
-1.0,0.844552940076629,0.45744295314784944,-1.3304425819732606
1.0,-0.45896764323602124,1.0,5.7070563756228125
0.7426963448484629,0.3533374896813437,-0.8536016114543785,1.637202525876034
0.222914109628628,0.3326227605403944,0.18975289255003425,0.685053691641061
0.4755182008585914,1.0,0.03409196647685819,7.298709555406374
1.0,-0.7441954715204178,-1.0,-4.833817874781384
1.0,-1.0,-0.7994935823284186,-17.165036946303886
0.48384752948528553,-0.9060116688314961,0.4334147681062157,0.4957332504929885
1.0,-0.08638474521666528,-0.14124060827770601,3.6495708178271085
0.9452869052356332,-0.4752755697888673,-0.378528127869866,2.567409241376294
0.006729755287887773,0.217122774603018,1.0,1.2686377710749486
-0.46525165486130615,-1.0,1.0,-3.7660768683857624
1.0,-1.0,1.0,-9.10302075849683
-0.5570935082077519,-0.6269720907446277,-1.0,-3.379468474734559
1.0,-1.0,0.049272068367191224,-8.619842448955776
1.0,1.0,-0.7340880665448453,26.32014889308628
0.36564544704788093,-0.09265124793435264,0.372652337137374,1.2625624580033343
-1.0,-0.6127434644139964,-0.35026120092064716,-0.07812344142383079
-0.618835748086471,-0.656230283359549,-0.7705411344018882,0.8590869234708338
0.7420261247483508,-1.0,1.0,-6.9875303254577705
-0.4354906270653629,0.3072001803007762,0.05566369911765645,-0.7019891402766592
0.24211265950970562,0.9005796628188851,-0.7766713550327864,5.458507924642163
0.3272992760310298,-0.526845058089457,-0.17513966705583406,1.3115684877122604
0.75481659390084,0.3216191088306122,0.5987889846685717,2.907255532395408
-0.14015151976061868,-1.0,-0.6306565702549953,-2.50271615312691
0.2742703227409682,-0.08134803861445583,-1.0,-3.6893818227958173
0.6089089877043283,-0.05413510148226597,-0.07500778089852278,0.9946364435988078
-0.830638777667825,0.10833776542746731,0.5881010239019056,-1.9879697514478205
-1.0,-1.0,-1.0,2.222743452018161
-0.7641792938307226,-0.99348049342854,0.34147875346260737,6.8059383191689715
1.0,0.2566427814703405,-0.7942073695814971,7.38839772156938
-0.39854382329466387,0.5315715431035266,-0.18594163560644184,-0.5716614816218663
-0.5478703031532528,-1.0,0.18133330599518915,3.997042933382476
1.0,0.12983139142902012,-0.5417854427102522,5.102381108726884
0.03172018331081894,-1.0,-1.0,-17.354495332796503
0.39341892536756684,-0.1929429694663909,1.0,-2.044130109586384
-0.7106278109209514,0.21320850746829967,-1.0,1.9960093121551454
-0.7557831809484186,-0.513648866025096,-0.48466194218250935,1.3184074861240247
-0.038293626191573615,-0.6417782194247188,0.34134292062670757,1.062301746566224
0.4862292976562743,-1.0,0.778811439279161,-2.2675076810167734
1.0,0.8336070691688175,-1.0,21.900619955881997
-0.36261480908789134,-1.0,-0.0566203211423677,3.371950066639126
0.7887545517152001,-0.3111036706259529,0.2446029139758068,1.930587224285714
0.4943557438167774,0.8879828029042716,0.27419242203750316,3.315309533124685
0.131438175819661,0.7810374854530289,0.24883158078586587,1.2737538210938686
-0.027261447395426686,0.2997916121054367,0.4017426900390826,0.1335645320129833
0.11719998631010387,0.6373857054283132,0.5178542558033925,0.9713841433914285
-1.0,-0.1810544523573414,0.06222790851526461,-3.8466219558954573
0.3150102902870682,1.0,0.5309503405247233,8.111903255460565
0.22765518002785878,-0.42479322244655315,-0.3431451256487812,1.8270630846721696
0.21374270734017808,0.21868883675640194,0.48536647467143323,-0.19674409818908345
0.6119658766897862,-0.7158474988146948,1.0,-3.7367481644012637
-0.676023553880166,1.0,-0.6922198232494394,4.040808849201796
0.9837063584414811,-0.4648319485157979,0.021703927479630014,4.060116928670939
0.017347675919634264,-0.3006609155247111,0.1669464011902766,0.8901477137919017
-0.21969919912245306,-0.44782086200143856,0.4568277467315214,0.5419859897845114
0.34757434505832907,-0.3103812944130828,0.08758201542960431,1.3807989003766308
0.7195069845877451,-1.0,0.73579116838498,-2.6287807254904663
-1.0,0.026610830480646275,-1.0,10.628349092838684
-0.26751126204921305,-0.46155717242055583,0.25397089382055094,1.126818763780482
-0.11329663939269285,-0.4955330345461324,-0.6092121540307516,0.5304835059016562
0.17337969753211158,0.2922743540933048,0.6006265787586444,0.1052287208625205
1.0,-0.46426163380064067,-1.0,2.4635514866675936
0.8684136923373504,-1.0,0.2958000724990928,-4.744658214695237
0.8826361679865335,-0.6466119848203224,-0.09712753686865239,0.7790746501615589
1.0,-0.3994897346685007,1.0,6.342911678835433
1.0,0.21441002115683339,0.2704534633371858,6.729698300779398
-0.8447148936945246,-0.5464707272764682,1.0,5.00285685789975
0.02586271595038636,-0.5038076696261506,0.44874619187853515,0.9340843811524419
-0.7726782887327273,-0.5250929813137242,1.0,3.413038520110003
-1.0,1.0,0.1117422572913156,7.315996552498365
1.0,-0.06407192596996869,-0.3900838980924084,4.274599172456376
1.0,1.0,-0.11141604837149588,15.78021785594572
1.0,0.24004919087853982,-0.9653445618393637,10.229416196076832
-0.9676613594862875,-0.5578043522921383,0.022124537245879594,0.30742356182140135
-0.9050515020047798,-0.1894003493422367,-0.31465013862499513,-0.8675724145830137
1.0,-0.9134606272271539,1.0,-4.846122719590973
0.34161233853272654,0.22514379828340902,-0.10180904457370388,0.6440609926797461
0.45695869112244303,-0.9084534892469742,0.0026599038152481658,1.2828010494713997
0.4040636372229398,-1.0,0.29370561523364747,0.5364904968071647
-1.0,0.19859743557694642,0.1340413127708764,-4.820527585849945
-0.1511651827677054,-0.4694669621674141,-1.0,-4.866760982862494
0.895791568514823,0.22912151393870817,1.0,10.65368761024777
0.40794823953915915,1.0,1.0,10.079943464512935
1.0,-0.8151878869956195,-0.7869552999963203,-0.9486718960976233
0.7932644883188802,1.0,-0.07157190112390066,9.208313559242015
0.3778667048405149,1.0,-0.6800393489969374,10.90800170985575
0.7453235496882247,1.0,1.0,12.91780604331434
0.7061413631289566,-0.47451600149473805,0.5742860654788824,1.3668895803734473
-0.7971091193043509,0.48168932228487993,-0.7100690399934868,-0.7022308917885368
0.492069764584673,-0.9109411851438536,-0.17518227887429338,1.1580194889697837
0.42529655973997715,0.08464335746999696,1.0,-0.5962114818013242
-0.862833557947138,-0.06621481792263118,0.3390323203900176,-2.731599231595732
-0.4592322458809801,-1.0,0.21517999542704058,3.11806137719151
0.9562226778426937,0.01686118650715085,-0.5236261866223388,4.01446719369493
1.0,0.011624800549097758,0.5830276265409302,7.331780367591346
0.04841914638364586,-0.6536406998552895,0.36248038391887905,-0.20658793431965228
0.24253055698987747,-0.09982152735171956,-1.0,-3.5426510638100703
1.0,0.7580985665540749,0.22681634154931718,9.5276720078255
-0.5565787891895408,-0.2522045971091742,0.6176196416105073,0.005330438530101372
-0.7926715677054477,-0.4373226222254274,-0.6202894144129054,0.780176717598853
-0.40571756465786324,0.4919014935259145,0.9177820622142376,2.40477431173493
1.0,-1.0,-1.0,-29.340703589876107
-0.3628809200849248,-0.7901758805234731,-0.7892061494748093,-2.336466101877752
0.959827342476665,-1.0,-0.6969418386997264,-12.999202722916518
-0.4181256767622028,-0.7652362639370429,0.7502632446639215,0.6939247213432006
-0.08356734392071741,-0.37235921217265777,-1.0,-4.692284802339586
-0.7641461841637773,0.9749942888382965,-0.36082024527044565,4.061686228625531
1.0,-1.0,-0.7288858821041435,-15.633683382362946
-0.4293090361141749,-0.583842492270763,-0.4538683792757976,0.5607489770559133
0.43029765319485014,0.6352903051698435,0.12539009656182265,0.8982960778252906
-0.03161892844876202,1.0,1.0,12.525106497285382
0.829317852138653,0.5178551430430591,0.4218941048119793,3.656745163195944
1.0,0.6679609043744219,0.801967220004816,16.6924956600016
-0.4060697902046999,-0.2910178395889178,-0.33588433533802386,0.8147197631427635
0.7740752240547681,0.41998931294514863,-0.9406373999275013,1.358358006266003
-1.0,1.0,0.8041684794325403,3.076344237798302
1.0,-0.8132664027856373,0.4133813330340492,0.9442323966737387
-0.34640613078183957,-0.6651269989833157,-0.5590753219852649,1.1148310797188803
0.7585062704325378,0.49670069791516824,0.13105198916903582,1.0873101625964532
0.11867978643010746,1.0,0.8810289778862328,10.571312547259435
-0.12935284429244964,-0.40701571077092025,1.0,-0.5696979763631824
-0.41615024896193686,-1.0,0.418268287626145,3.01302786029437
-1.0,0.64461137037201,1.0,7.979759137488175
0.5973359696661655,-1.0,-1.0,-24.00767681706805
-1.0,-1.0,1.0,21.87754254836165
0.5532702333649331,0.9563226280433743,-0.6172806715810337,9.18501277103315
1.0,-0.7601961860921043,-1.0,-5.551701855762375
-0.47306899332582386,-1.0,-1.0,-12.929095071956963
-1.0,0.09440998456259697,0.3867672905501234,-4.222540871770548
1.0,0.5244465787415267,0.17944797741823315,6.654800672827925
-0.3843451624208083,0.0582613115347006,0.509127226680232,-0.4340436885361388
-0.7826188973103321,0.3119959666577721,1.0,3.1679904734119777
0.5386417508569177,1.0,0.8022961610841934,7.9433458445622485
-0.011808036468079042,-0.8044251187642377,0.2696461834604351,1.09722147465917
-1.0,0.4190476082903358,0.36463379398371454,-4.729752640070665
-1.0,0.16546395987395424,1.0,1.7769565835144177
-1.0,-1.0,0.5906490740672796,13.903054191322672
1.0,1.0,0.260712913737273,13.219191382483311
-0.6446607063454268,-0.46048858416517424,-0.007541391318670376,0.5032395085913498
-1.0,-0.10738002853112372,0.5478267167697295,-3.3246334356843565
0.13651541320343585,0.16539053136001725,-0.6599160499948944,0.2424566623015142
0.2812228300963835,0.8195816971931724,0.8012463792850959,4.900630025677509
-1.0,-0.9452589915847123,0.31979629298065415,8.991908783026467
0.2808115278182839,0.46026789349735164,-0.5000022506592021,0.47947760707282505
-0.7642991777921815,1.0,0.9563927453419017,13.568670548433637
0.30071552813608093,0.8312917846267784,0.11808488028239172,2.994352966210776
-0.20587865045039977,0.10665106468354058,-0.6997995006001809,0.37130179824062476
-0.4338842771341591,0.007551998169476715,0.760625875972686,0.09465026555374415
1.0,0.39924364188958017,0.34417634956869714,7.736396896137628
-0.23697594002252087,-0.6497313302039498,-0.24464257801404354,1.1141541840443911
-1.0,0.3227311571696454,-0.1555298458110408,-3.9521486795172267
0.5845380976725336,-1.0,0.9888726849591079,-6.5370002914798695
-0.7248026575225237,0.5270693700999383,-0.32913246175934363,-3.0352036039024535
-0.6852482987223345,0.36341272235343336,-1.0,0.8322417340453199
0.7416382401231267,-1.0,-0.3957170947933075,-3.9545841885251343
-1.0,0.2826567074548203,-1.0,15.76690583610855
0.14095702249727693,0.15829646359057437,0.3703753755584638,0.7808391010135372
-1.0,1.0,1.0,16.72787215517843
-0.01746703619816703,0.5040765207666937,-0.413635156796919,0.18722151017790023
-0.1510676904694288,0.3803925981896068,-0.3581524084269774,-1.1597342126741983
-1.0,-0.5915426086898667,-0.38507846279150915,-0.330060402241554
-0.05886402663564305,-0.16138344829067774,1.0,-0.3832624127683557
1.0,-0.6848212297650911,-0.07909366758858782,2.849388636867589
-0.9803816321070269,0.7028416640397721,1.0,8.23771558474011
-0.7402195542766596,-1.0,-0.09623349417325056,5.4535598263122305
0.9901233524675082,0.023280319799737326,-1.0,7.91627961081695
1.0,1.0,-0.4533991572555707,19.779590380149543
-0.881128647276251,0.8041581977794703,-1.0,7.144316912134656
0.36051312929503254,0.9046922292330384,-0.8696063981268738,3.971567615707719
0.011493798340009631,-0.42676720194764917,-0.26981387089299114,1.1873880788270779
-1.0,-0.6239072119701361,-1.0,4.3007148230676595
-0.7076417434648399,-0.03930936843231092,0.20430269012516766,-1.5242548161281557
-1.0,-1.0,1.0,22.025301819915484
-1.0,-0.11112874702296605,-0.9860515031787178,9.128536707793696
-0.49956617934829706,-1.0,1.0,-2.5319408008073516
0.4019016727046769,0.8154254399653247,-0.923652692105166,0.7968929345712064
-0.9857786282711423,0.3062949777847932,-1.0,14.070715584780325
0.2570473427919038,-0.009533646166361098,0.2746074436775712,0.8239846935762021
-0.2649807725333777,-0.8357436684868398,0.2594499872479479,1.730359968460989
0.6362965780325613,0.5842813903370647,-0.2897101709161267,0.8275652499658314
-0.9319109981277749,-0.24047268727677107,-0.10920601140575137,-2.1719474367975304
0.21553760145770928,0.26130301250982657,-1.0,-3.361041731671327
0.69574848518937,0.27597264156477075,-0.33633210857086304,0.8955160519412207
1.0,-0.8955662504166331,-0.019673077531888516,-2.1630245738137517
0.010980331006225086,0.26686372396234814,-0.37933160351693007,-0.35807937325219974
0.7864910240393994,-0.806206382381671,1.0,-3.916152820830228
0.5715753874758127,0.7499111492418704,0.16820184760050116,1.99566207356018
0.006645699684640682,-1.0,-0.3024190684498076,1.8743304383828
0.18029904770805993,0.40988817116168885,-1.0,-3.086446199421661
-0.6131263881447564,0.2316880825562453,0.44734845092747766,-1.81775430492152
-1.0,0.4486129424664209,0.25545708202786543,-4.2121970415396035
-0.593375735095214,1.0,1.0,16.026895145160562
0.7408394557669007,0.33863871403633317,0.15938762118625305,2.9498055528470424
0.32222190573530063,-0.09474561346926724,-1.0,-3.888288275595525
-0.050541561381157285,1.0,0.2972623745742844,6.7795670178848875
-0.3759383376437815,-0.25656462873355435,-1.0,-1.8602492939684518
0.8430294382599182,-0.31358943941785844,0.1128425567814011,2.420833498278964
-0.8661616439294351,1.0,-0.027618012156239713,4.222746200709191
-0.005624950396391215,-0.21283909296196568,-1.0,-4.126498897531531
-0.7200449441276788,-0.4245400925188305,0.14697618335492835,0.3782188210575939
1.0,0.8071232177752881,0.24631229221405104,10.042660356884122
-0.4683818068408703,-0.2096216892105407,0.09208843765804708,-0.1649279154670005
0.8821067077424505,-1.0,0.4850313619060258,-4.314431368969782
-0.4099462543491592,-0.8975776705473977,0.48900269639319505,1.3791048671984436
-0.2171989401806862,0.5182464082175691,0.1560926705922896,-0.4240475779273521
0.863334312356016,0.17567495821711931,0.6688574235465028,4.927113862126567
-1.0,-0.44622299147517674,-0.5672710647828585,-0.26888869213157784
0.1389276253627405,1.0,1.0,11.326059443912147
-0.03941709486034051,-1.0,0.511281209906244,1.02219232626269
-0.8755418823799104,-0.2623850874925058,-0.32107211999310836,-0.4577121602048577
0.3395430104646202,0.46602604204388864,-0.0003151142287045605,1.0734214908454995
-0.15493658307293656,0.546618934766967,1.0,4.210409605733751
-0.8477184119891696,-0.4629463684599924,-0.6534141071628525,0.9786651620146557
0.22581179732540635,0.31986712861629796,0.08694877873288309,0.8196228311147434
0.31446254722226263,1.0,-0.05442104647518531,8.785214131260611
-1.0,-0.5515419724867112,1.0,10.331026586016536
0.7521813240750121,0.14909235264254672,0.2862705365535403,2.863767188624014
-0.13554844564335466,1.0,-0.9229665846634671,5.727886495333925
0.8752959698940688,-0.01136109906953675,0.0723548262569027,3.130598233746669
0.2915761125923433,0.15156089705635756,0.10778596541105445,1.3467420264368035
1.0,0.18518473875981423,0.6277638843219289,9.367106548539292
0.9564097128919891,-0.12175155096521006,-1.0,4.6031518143925645
-0.10167325138688321,1.0,0.26913846377945894,7.299137559577419
0.7737187201458173,-0.2963114091308672,0.06638775533151531,2.2393346148527313
-0.3398322500636015,0.46510194439290076,0.24232217897290131,-1.2713806295131787
-0.5374390716592354,1.0,-0.8478741465540478,3.1491452675315292
-0.3108398784703681,-1.0,-0.8846283173731297,-8.538529294815064
-0.3344206687687701,0.43391894816859566,1.0,2.629286774617605
-0.7556747290796246,1.0,-0.8023176402008247,3.228064273093932
0.1952777272534172,-1.0,-0.21691766365579013,1.1858780433327272
0.30394338170501833,0.10296510057252872,-1.0,-3.1109205612663544
-0.3089518101975022,1.0,-1.0,1.9804612887953432
0.7956410004440444,0.689309284538322,-0.6653301230646833,2.635440155884342
-1.0,0.5005489793658489,-0.30381920695908327,-0.39734869480957347
0.7725750595715768,1.0,-0.6262133262570944,14.534775714060439
-0.41422200552315847,0.17090602993518478,-1.0,-1.9887200799399278
-0.6104990423805567,0.38404482837022735,-1.0,-0.13368317768602395
0.791203092650159,0.6877777693155549,-0.434177542276035,2.274219884308258
0.648014592425499,0.8357535445733015,-1.0,1.5714363975047312
-1.0,-1.0,-0.8937409030306369,2.673180636494803
0.19823663142610903,0.5731301853034045,-1.0,-3.421675216824163
1.0,0.5284663819321862,1.0,23.12958219923696
1.0,-0.1196751086398995,0.37992474979585267,5.418819823780815
-0.6318081396478548,-0.16133662613156474,-0.7935890995104526,-0.29399188552793787
-1.0,-1.0,-0.8260186400642195,2.020023398898904
0.5932202379792317,0.41971924253070325,1.0,4.20553162192535
0.6756601639804145,-0.3996619441658489,-0.45918073393557135,1.4247415035849946
0.05906305320718874,0.5255857518835982,0.32112397691619554,0.653359988268332
0.9388558666125864,-0.4127806775872631,0.23593641825231293,2.5786624400277844
0.024298850131417415,-0.7358567185109297,-0.4456975176199758,0.8145431953998844
0.9623274950935434,-0.5183034749293887,-1.0,-0.39638474751698827
-0.4188750364040166,0.7998261692403614,-0.2927550930457612,0.7713333601668242
-0.2925875789015837,0.6609073632137392,-1.0,-3.5923335558783647
-0.3532286249757044,1.0,1.0,15.033331035647244
1.0,0.3299418420372473,-0.5289001081389741,5.073311370318613
-1.0,0.6687394745349371,0.25139316250172494,-2.2163974411852454
-0.6918268969139916,-0.49968005966923257,-0.7834035541999722,1.8959961182356038
1.0,-1.0,-0.2947707339508798,-9.658351666668153
0.3541296948689574,0.21817323138140776,1.0,1.7101744947827298
0.582851725973053,1.0,-0.1706614523790395,9.22042567109914
-0.9062611046566993,1.0,-0.4958931377050446,6.4832514018626695
0.16408879062440684,-1.0,0.4325729485240033,0.8084861985465734
0.15581710202268084,-1.0,0.596534514378185,-1.1881742677541287
1.0,-0.14486868311628953,0.05779364270682641,4.290746693886994
-1.0,-0.4600153769279618,0.4500321794186657,-0.41546271067717
0.07232422645807746,0.15770027305685885,-0.20149208025720577,0.42176669286847085
-1.0,0.04718436697859052,-0.08757806989244665,-4.321581192607268
0.299855883685189,-0.5827359977779065,0.405450301409249,0.6698299543176267
0.1847438538842081,0.23388960533169878,-1.0,-3.2179946360390552
0.1874376685727701,-0.048999185795415734,0.20377930370207786,0.8963287149672582
-1.0,-1.0,-0.962748663296777,2.3716266610135213
1.0,-0.9500059029977967,0.08119990775204378,-4.503544103787145
0.5112881939531813,0.736699348888106,0.05272674745281325,2.081915923219419
-1.0,1.0,0.5979341367321993,1.6728362624761575
0.6052714270216348,-0.15637031836144266,-0.1723912080800245,1.2180034768252965
-0.1352964795131728,1.0,0.13593483493610936,7.021922734280059
0.7551052375230383,-1.0,-0.0926338592921534,-2.7117688807093767
-0.511843073354284,-1.0,0.2584018306678024,3.945176645792075
0.676100975999228,-0.9269632333796056,-0.44895745891546035,-1.758743807362198
-0.44975003350151455,-0.8134455742975166,0.5533736880161269,2.0614839206115496
0.7516375751421076,-0.7392372440164585,-0.14872485678992886,1.0798595982650803
-0.6002410676440568,0.08883838209654149,1.0,1.905143353869587
-0.07633527597125034,-0.32010523118871004,0.2119066374356895,0.06447374327867683
-1.0,-0.7677046386035669,-1.0,4.050088247964309
1.0,0.4748745979182827,0.26503372204841846,7.7918942601237795
-0.13521105039391212,0.10900818420701919,-0.8524661341719724,-1.0770790793929326
0.8262079538677225,-0.33051821264958114,0.633327541502706,2.1845132363783635
0.06288040494638447,-0.012960271935220646,0.5285981588175146,1.0078589061978525
0.041908607336897497,-1.0,0.5674496456444305,0.7301527974326821
1.0,-1.0,-0.14185778481037015,-8.246659181904285
0.5621608990334772,-0.18029301416031984,0.729893498584548,0.950323636249207
-0.6693632287789257,-0.8087917991234794,-0.48015130645735327,2.4607263994066866
-0.6241891388030731,-0.6795204499494125,-0.1558355068080135,1.9908605740611085
1.0,0.9018834906966622,0.13475572276507997,11.475092503587282
1.0,0.25178826127161513,-0.5508292806441326,4.179517684827214
0.4618367913115673,0.5562905680859718,1.0,4.183103573201191
-1.0,0.8456344776170708,-0.40603755878946135,5.045856881152762
0.1379091015610585,-0.6787810441164286,1.0,-2.3572340625497414
-0.28958057766364353,0.5853822017815464,0.6342466671828209,0.17926415135445672
0.7749127067416623,-1.0,0.9865873822723705,-6.912470706385452
-1.0,-0.2330437467013422,-1.0,8.1980973705574
0.5868953601800511,0.20543430670113905,-0.05331883122766912,0.7468852547527789
-1.0,-1.0,-1.0,2.1618475527307273
-0.13341340455072914,0.1812646694315494,-0.37064105203096487,0.03499014667212247
-1.0,-0.004508701118817182,1.0,3.705350682085891
0.25761378747528574,-0.14490003616266822,-0.672196159930841,1.584704556537058
0.971112161164307,0.33604163046120594,0.06866953173688972,4.488924917233768
0.5032286094844001,0.29909652496518735,-0.18384630152744386,0.8762241761090015
-0.322821327418789,-0.12599058347977943,-0.5335206954736103,0.24390935879623749
-0.8897628069585302,-0.15875837346618082,-0.32166117868625843,-0.8723116128443247
0.17987934483909362,0.802976656669339,1.0,6.36451492139495
-0.21648407299568073,-0.10416139764283439,-0.3255248073937489,0.552837283402839
-0.29510772334517155,0.4312817120377439,1.0,3.246763937051341
-0.16641995355084882,0.21571008019341464,-0.30907133072581083,-0.14434630346354063
-0.8457975606705326,-0.2868017881862277,1.0,4.0093724051335835
0.4999159783078917,0.38234758299066796,-0.06510415878232179,1.4276297270119414
-0.611025086986712,1.0,-0.5997941775820534,3.612927560429182
1.0,0.23018363907624328,-0.16963222912038356,4.905929971027847
-0.37143179294633466,0.8788682369730343,0.38868615320920674,2.757972217294538
0.28932588162973993,0.9111600226629972,0.5380908632760948,5.298075449718782
0.3958304118171436,1.0,-1.0,5.278585787635082
-0.6742841002406981,-0.31608323573725094,1.0,2.64880006490149
0.3675634380490045,0.14123130109434157,0.6619668752546237,1.1844575901355658
0.6052444862058985,0.5351107155606163,-1.0,-1.0284685442217412
-1.0,-0.16616124018144385,1.0,4.428423147577549
0.12195341461277853,0.1653676233639636,0.12255992936603843,0.9705827077607649
-0.9386140407999748,1.0,-0.29450199209491323,7.297346195162064
0.25048869285917674,0.4723953015090656,0.8308057070629336,2.1756493045075107
0.38276993455400343,-1.0,-0.6458902724790265,-5.178937570897938
-0.8636050797648611,-1.0,-1.0,-0.762734594231965
1.0,0.009804159812844881,0.20375411493612772,5.7458624835438075
-0.6972133602135724,0.48572346194542426,0.20930736527382665,-2.832415503375351
0.5652098960835403,-0.8953727953057407,0.6567055020550425,-0.09477278157616853
0.4201116423961748,-0.785351098932147,0.38482579174532106,0.3387588440855537
-0.6836122494218799,-0.9993322935192113,-0.3594346307271399,4.064396445565798
0.379022513194073,0.32597476692631666,-1.0,-2.4117136043311174
1.0,-0.20425252286439077,-0.014451107703051136,4.855745160512794
-1.0,0.46841682273394314,1.0,4.701036563948055
0.6804028299671874,-0.3794482141442339,0.4219841493883443,1.5549565298726225
0.8128025117275961,1.0,0.28481253504819315,8.000385382870723
0.4992155573582957,-0.23091375447908313,0.43458297264906265,1.7006935173567674
-0.7620472545767467,-0.7647098679498288,0.22661676793191843,3.1925797193136725
1.0,-1.0,-1.0,-29.70593892798489
-1.0,0.35379951681405863,-1.0,16.097604703123174
-0.13212157705505656,0.33614390204094313,-0.05504549143315707,0.7474522168582474
-0.34756822987823344,-1.0,-0.1439255963420607,2.273741130401595
-0.00453946244738912,0.7147630801895262,0.9587262181468905,5.332121182304784
0.5695491162017745,1.0,0.6688484379534574,7.7590079062773105
-0.05722715163031755,-0.2976187739238403,0.5000663643168533,0.20915603647725184
0.36477449739202594,-1.0,1.0,-6.903233857872016
1.0,0.895675544650943,0.14745398982359048,10.838627420624613
0.48667349466668286,-0.9744796335187089,-1.0,-20.11522944847585
0.304136264145471,0.7202800059605459,-0.5218568147986251,1.8607337071603292
-0.06370580330791942,-0.7753251141383852,0.8140255437234232,0.05051680296673189
0.7120828872504021,-0.6228249471741585,-0.22264843369601328,0.9602364899125897
-1.0,0.13053691028731218,-0.20863236682894737,-3.9600591639631686
0.41520951904112047,-0.24919701528870708,-0.7455752563096814,1.3455467907130578
1.0,0.5547170334761427,-0.2751476827886534,4.946741359961126
-0.8191736432625987,0.19046695717400852,-0.4733568624529172,-1.2980896097593861
-1.0,1.0,-0.3074644134202811,10.727382400294228
-0.10759630695931821,1.0,0.17703796573919672,7.074028255759154
-0.45282607251392637,-0.8895257538779813,-1.0,-8.161359827602537
-0.14478641333907727,-0.8117094638036582,-0.4376032601307005,2.219681202706269
-0.5917670554710799,0.019731168659463005,-1.0,1.055066174122818
-1.0,0.09792170257980048,1.0,3.3024498228226897
0.9386637866072143,-1.0,-1.0,-28.710799069215867
0.625593277427231,-0.04545259946563873,-1.0,-2.9340043198773573
-1.0,0.5102900944735662,0.9413898580808211,2.4145670371511407
0.3545332847884042,1.0,-0.9376023746925306,8.112133014012912
-0.715506586061643,-0.6647060212943003,0.7599501020009234,2.84605020849987
-1.0,-0.89802872336161,0.034245916581564284,5.651911711578945
1.0,0.44656666974725256,-1.0,11.702845242310376
-1.0,0.6904211941126581,0.8977773263197926,1.431864011481193
0.7453752380030021,1.0,0.6011327718682946,8.334314772980255
-0.409862544271155,-1.0,-1.0,-12.524679253368053
-0.6414990792818827,-0.7504049373788468,1.0,2.311116695704135
0.10560367579769836,-0.2707889439966422,0.2292833103575289,0.7359597713888222
-0.9855254064652386,0.6145939031002814,0.5783817192053968,-4.859536666159848
0.5761846016216563,-1.0,0.2542753924937873,-0.6537479420511304
-0.8928208091377774,1.0,-1.0,10.12698901358908
0.1234940240897826,0.36842629671936944,1.0,1.9487464568279695
-0.029787839899889867,0.2249645018594959,1.0,2.3844207877391352
-0.43868111984964053,-0.8307119148034476,-0.16332156821046895,2.7151952734291616
-0.9727437126191867,0.6132081876106883,1.0,6.181674437165407
-0.09368902112301258,1.0,0.16371106675352354,7.7847095661663035
-1.0,0.11292013605866202,-0.2896482003150418,-3.5278346459654792
0.3554093890098393,0.9799407589086249,-0.6338282387867544,9.65406094701999
-0.16837233241411398,-1.0,-1.0,-15.542693430922366
0.5021495679056982,0.7506213217231632,-0.9721086523409888,-1.0007258620662365
-0.15886303746436847,0.26022120263145077,0.09465619076769438,-0.07904326914309112
-0.5651260145710697,-0.6560266030289135,-0.09030220048508597,2.418609608650017
-1.0,-0.09849891797965293,-0.0070678593967057335,-4.444556017149429
0.34245724606807704,-0.9936648436296243,1.0,-7.55805107731573
-1.0,1.0,0.9419655944118819,10.992384192702222
-0.33824276532765274,-0.42210252364068834,0.7365243898618954,0.7838490081069446
0.8859443559011762,-1.0,0.13850920398843036,-5.902293832536563
0.824525093839777,0.816355502098085,-0.8983815902805901,6.2899371455775395
0.7838171138391787,-0.36815534197012756,0.24282459033736448,1.5847679781753086
0.9087230098159036,-0.4509069145371012,0.11367600117264431,3.0690025159109258
0.6047341155610917,-1.0,0.1828335015178002,-0.38859082369341974
1.0,1.0,0.32667939648733,13.117966908286018
-1.0,-0.8416222994057545,-0.2621655437495478,4.181623394739199
0.9237753281063945,-0.42268107243389075,0.1426911499504877,3.2506488382082095
-1.0,-0.34244582750443664,0.8623614318891641,2.489949034183325
0.46375072901659165,-0.38011187376051403,-1.0,-5.069320568422376
-0.8161296395912894,-0.46775300817374577,-0.2054134265361638,0.3328389226113862
-0.7116001190734917,-0.14698057897474515,-0.529763372511334,0.36904820593267035
0.30928444498729557,0.7686941870139095,-0.9277731267795195,-0.7241570671014583
-0.30481965972662706,0.7910570887791597,0.5238169235930061,0.9791683429393018
0.9747582690003469,1.0,0.41705439829740487,12.494645356991825
-0.8241773414228903,0.1659717638921574,0.8440346337196853,-0.7062160143968544
-1.0,-1.0,-0.2836382711260499,5.083344773014386
0.15448545660683832,0.015125264315859255,1.0,-0.7420249806612991
0.6175624252289789,0.6435292716242558,-0.4399399575906684,0.9967979991696356
0.9492059713200116,-0.5431528432988055,-0.7029590374112968,3.9170851738188244
0.7819056553027528,-0.47222002971245813,1.0,-1.244053434007185
1.0,-0.40384669439624754,0.49202881572418256,4.944720628743157
-0.3642730149965674,-0.1929680849099047,0.7582551102706265,-0.1700132231803444
-0.012585511341471234,-0.8346378444788882,1.0,-3.5328185260423415
0.6739581210445509,0.9386804750481246,-1.0,5.544185935846627
-0.25082506085300227,-1.0,1.0,-5.468008404271873
-0.3643752618716123,1.0,-0.2775891514201225,6.648815612811394
-0.7953361697473904,-0.31874596695926094,-0.7016015305569931,0.22992405138319127
0.8973209184609761,0.3206581382988629,1.0,11.613148512490254
0.3760945542145422,-0.7065822697200779,0.6492210871889617,-0.40032507860232625
-1.0,-0.04350830658880378,-0.24973523228200722,-3.1469465962736725
0.7892802469251987,0.19050246970712292,-0.18743449910737775,2.722812085698465
0.08556590119682084,0.8484528163834313,0.11481287320775646,2.3994716177513746
-1.0,1.0,-1.0,21.75063670698687
-0.11111810160438718,-0.48083216385183225,1.0,-0.8010114541518467
-0.33544773342942347,0.022951947209280066,-0.6905438240162571,-0.05459102336188976
0.43241793963822706,1.0,-0.9678443289160366,7.513529234785674
1.0,-0.6658219676018451,-0.9292500960858359,1.398862738787748
-1.0,-0.4575231394102208,-0.5443443740770824,-0.7382573286320945
0.8414787022197816,-0.9620805154222958,-1.0,-23.529973531312432
1.0,0.013670233981844415,-1.0,8.952317011826327
0.3936597945586062,0.6662443638896027,1.0,5.211263989559807
0.7646962403291793,1.0,-1.0,14.082197739347647
-1.0,0.5327869200903574,0.1322333277679526,-3.504902950552306
0.3300270574685964,-0.2071894897149087,-0.28893977018028094,1.8840381160385766
-1.0,1.0,0.8288639549246388,4.678205106445304
-0.7575641093201251,0.5141629157907519,0.34031831895082054,-2.5721859900486432
0.41791138210451995,0.07012755253680947,-0.652245637386812,1.5630094544358248
1.0,-1.0,0.007334310195216576,-8.729122731717355
-0.5024679880351577,0.025450896564907843,-0.18150540701249196,-0.267986204723776
1.0,0.17156801763852436,0.7194865593582611,10.283379194646427
-0.1461269426250198,0.6154130478733593,-0.06508633972536981,0.35326051579205636
0.43484140067219945,-0.10342564877047478,0.3089597863652822,1.4171403535839038
-1.0,-0.028264866501075403,-1.0,10.786727933524192
-1.0,-1.0,-0.0305429972581599,6.989959790677853
0.2922257987421668,-1.0,-0.4290709949416125,-0.5017559423508502
0.521049877879376,-0.5162063764456029,0.10446031609719664,0.7119159733622678
1.0,-1.0,0.22126905249456774,-7.237933328980919
1.0,0.8150354703080085,-0.26365451651756455,8.868941562003602
-0.777441541988984,-0.41590743001200936,-0.992692094104263,2.957304919474028
0.3391438818217114,-0.2805375796516325,0.626366098274499,0.859218063731033
-1.0,-1.0,-1.0,4.551948526904225
-0.6147509685749188,-0.05116909617032972,-0.5704906459188779,-0.28866521755756025
0.22927673602760734,-0.4940815351221368,0.08499031111138589,1.2558309467707018
-0.36750402995833187,-0.9416089618098851,0.7322265722860113,0.6581838486269033
-0.39507924007891426,0.6957523243545689,-1.0,-4.02675305007003
-1.0,-0.1984380047746106,0.5174107063296414,-2.387757223318175
0.5321829252342622,-0.4578707627542067,-0.9174202210402229,-1.6186493033497302
-0.3593675166512149,0.25532123838962284,0.14995087392366835,-0.2891332247068539
-0.08030769508240021,-0.7552999579829696,-0.030430560915277738,0.9641509792999284
-0.12365959220478695,1.0,0.8084539161776638,9.810259031515535
0.5087849276385168,1.0,0.39969319455705166,7.699890598140527
-1.0,-1.0,-0.8066852131938642,3.0604434890680268
0.612073785167035,-0.6699060048219514,-0.9779259982494468,-8.39745633481126
-0.10509997682161565,1.0,0.26625894460324173,6.551513080209565
-0.035191983640761926,0.07167589040178957,0.9507412911824802,0.09226388243169396
-0.6696862669709929,1.0,-0.8697077549567773,2.2966805987720145
-0.061860936633392205,0.10301245116448876,0.8379856241707979,-0.11603720701919565
-0.6010617553901358,-0.5179034227949288,-0.225024840978576,0.9927129905764072
0.06143264621659861,-0.01503690473654018,0.9995033589612159,-0.12673411983734856
0.6366360845358603,-1.0,-1.0,-24.448727886029424
-0.9808030472800335,0.9002000785576032,0.8283225950536262,2.59704705311056
-0.6184918912915562,-0.6084719917865429,0.27551056577833144,0.9706280472341582
-0.5726338362828722,1.0,-0.32251816772091946,5.450768689358985
-1.0,0.5825423791054714,-1.0,18.55711056430066
-0.129628633363162,-0.22865455175879257,0.9922237164492145,-1.0059234276428652
0.3550499100426241,-1.0,-0.750889360010321,-6.645528692582516
-0.44317095253886696,-0.4979221922994046,0.08713430263222977,1.28556251759652
-1.0,-1.0,-0.7655123106409816,2.9789396278125326
-1.0,1.0,0.5449688337283867,1.6621780216472706
1.0,-0.8099755668223261,-1.0,-7.866878622943226
0.9658053586110458,0.5267329391768638,0.7499409364055658,11.635924380647483
0.057464845316572255,-0.22181358012769414,0.28140915655093224,0.7981211584882202
1.0,-0.17274103357784232,-0.5309855256912954,4.917433144737407
-0.5842193996180778,0.6961497551851688,0.6905079894023638,0.5110582114389304
0.8577678097574284,-0.22042495332036216,-1.0,0.24006703076165514
-0.0164101854357519,0.20329006014772033,-0.9553890482573135,-2.196561716850533
1.0,-0.19564510565052995,-1.0,6.015111283186501
-0.084169932549085,-0.13429178822200805,0.009678525443451713,0.22700325659859938
0.9723628379671396,0.9186517907722274,-0.7738267941811854,18.010900779339625
0.36256391687550416,0.6856305552473929,-0.06911937038492022,1.2940247859895484
-0.38293098600299125,-1.0,1.0,-5.102966325312265
1.0,0.49555276401832304,0.3870701551748723,8.123532787790555
-1.0,-0.3833564371652678,0.047171991472278574,-2.908300542114322
-1.0,-0.46353922803885106,0.530641503641766,0.25205201400051747
1.0,0.09513913947450159,1.0,13.970741730325475
0.4010424349895838,-0.3640443886573621,0.1939038298758924,1.2707057337162353
-0.062317754959765326,-0.9735304947433927,0.40164809586222305,1.889458131225305
-0.6008899075641962,-0.5197251575654696,-0.39125180808077986,1.1107086891135363
1.0,-0.4150895039934588,0.8350779036124218,6.4463867562970085
-0.9319611434954118,0.25283346533466355,-0.3004882462366558,-2.9466903836668816
0.21538479578537828,0.3387511282518514,0.8778303132341574,0.47851292508655735
-0.4407119548195324,-0.7702815075640177,1.0,0.05603129275185362
0.8257331448002247,-1.0,1.0,-6.765886227892488
-0.9070834971477437,0.35740177289508734,1.0,4.065137222201172
1.0,-0.5448847020114396,-0.2096863342495663,4.1007494167723655
-0.8573532574717744,-0.4594441347105389,0.5928166354962126,1.2952050360063359
-0.5471884622496024,-1.0,-0.0591644699515117,4.13607882710724
-1.0,-0.06358114747087651,-1.0,10.632679044780534
0.8313100018550774,-0.5797168500772785,-1.0,-6.5710590997974805
0.3270141217031992,-1.0,-0.03419941299727536,0.6557530189329228
0.051235939295158905,-0.2568407701650177,-0.4065466844665264,1.8197293418834293
-0.7336315992597231,1.0,0.17502522768440398,3.7258917598617156
-1.0,0.3453385324493199,-1.0,16.031879121218637
-1.0,1.0,-0.372892652003062,11.750775942150423
-0.45853184395170277,-0.12400098519021929,0.7843091264497655,-0.07342716412488327
0.6624417506329165,0.6784367981423522,1.0,8.484561759735376
-1.0,0.916586644307626,0.8872366026630822,5.567033563839454
-0.2974782770080644,-0.34910236772757686,-0.7600837678977057,0.5645490614703219
0.5810475078225916,-1.0,1.0,-6.727397800359123
-0.5156300153348952,-0.026084632060652924,0.6772084359971278,-0.8328824670467248
-0.6091089079804535,1.0,0.43490383446451464,5.692643198601688
-1.0,-1.0,0.248057441179643,8.639266361296718
-0.06722961678435935,0.45437706131428435,-0.6025954251284085,-0.8364422905885854
-0.24732362949755626,-0.3677989135978763,0.22364095633088898,-0.015055354191733317
0.06189900840706697,0.5051490615401457,-0.4970796041589851,0.858244087427704
0.20476790498503683,-0.03934156089588181,-0.11219733204327254,0.9612043976516972
-0.9030848369780546,-0.7604294414285686,0.8134723227499507,7.5719592614126805
-0.5247552156197453,0.37307397899477324,-0.2233608769360822,-1.5580287042922012
-0.7591755593300424,0.03710073905700817,-0.2752816232762605,-0.9453703461425698
-0.825267134240822,0.1628514401809973,-0.8112316274528206,1.9880151852734542
-0.5246744612994987,0.8874783527319987,-1.0,-3.181535205920299
-0.7572680245876648,-0.4976397645047055,0.08527936168518635,-0.22601624378233398
0.004326248068391214,0.8433527766986684,-0.01654426919082863,1.563025034273854
-0.4076902731322969,-0.5570992460760618,1.0,0.12379375168352336
-0.048822556760438784,-0.14139907696085285,-1.0,-3.035049496251415
0.9395470773574064,0.4512779442030779,-0.03416630395866749,4.696209016147533
0.861454906092461,0.30499674365397156,0.44195507978357407,4.7770920078685
0.29324650216042825,-0.21250929910934357,-0.6121153968862276,0.5109660334050012
0.21421680432951384,-0.14260643667107442,-0.11109023878441082,0.8391542903873519
0.0774227483754204,1.0,0.09447103934840428,7.556087435754866
0.4373554251423539,-0.21437515663716633,-1.0,-4.077415657502196
0.6195101357521984,-0.37075038527333715,1.0,-3.0016965586079856
0.33263079254703065,-0.059839468774089966,-0.2078396167855634,1.6931464364773006
0.6019077512884927,1.0,0.7871845143680791,7.7954969408979355
-0.9869398789940997,-0.749746569910305,0.05545233860607812,2.686505888236184
1.0,1.0,1.0,25.625959839238654
1.0,-1.0,0.4420969150180185,-7.13638579832464
-0.8889446843664046,-0.6058642104168432,1.0,6.538895916833032
-1.0,0.6298402567413488,-0.17592262817947701,-0.996610776588452
-0.3014390847518289,0.5135646891369701,-0.5516525200056668,-0.3641315617906464
-0.3153177784138441,-0.20419583111871398,1.0,0.8668502700600786
0.043064913557254725,-1.0,0.10271116180513418,1.2821695087407694
-0.04654639339817912,0.6130568262513909,-0.6089528519714813,0.5608138109660838
-0.9345817034002675,-1.0,1.0,15.336887746854686
-0.9026979980286272,0.995565146001065,-0.2042672662740428,5.732464462061015
-1.0,0.14104911780707008,0.8935716574863224,0.16406343135459367
-0.41647766533953723,-0.6340497726359928,1.0,0.4098692232044653
0.14828774577263593,-0.6467313575349729,-0.02731789674700069,2.0993570974332822
1.0,0.40772881909353886,-0.508890431141021,4.969570979657403
0.4852455751619029,-1.0,1.0,-7.221416971030114
1.0,1.0,0.921916473621816,21.669933839389973
0.04355357908944679,-0.6727693579515606,-0.576090890379158,0.7129480996871081
-0.8494910041466255,0.835257878686307,-0.7423445795667636,1.4161274461688405
-0.09763310059700592,0.7783379617351631,0.5995910544825229,2.39069335455422
0.6117179258369003,-0.5861942801697173,0.9074116051233028,-2.1980466272294636
0.8237068964731884,-0.20963784620546155,-1.0,-1.1204882416282889
0.12037308570122307,0.09415086393192795,-1.0,-2.6075764808042803
0.8892541711666644,1.0,-0.6340093287691302,17.782943973311415
0.4477330871144034,0.7423448683614611,-0.9160926995665151,-0.3387691528861133
-0.8354391971025319,-0.039797660958701186,1.0,2.8719523346023483
0.11170110304903447,1.0,0.05114545236335721,8.02913104880791
0.6614200794871468,-1.0,-1.0,-25.463660679243784
0.04062740994773839,0.6521706922347701,-0.4947290758782976,0.2987775269896834
-0.08838829798209913,1.0,0.515170965276458,7.587209995438273
-1.0,-0.24104990533372228,0.9766749863006174,3.951223912743311
0.13294051646417926,0.9549938308139567,0.5020602334030375,5.979793749172129
0.5371104327863148,0.25253347812313187,-1.0,-1.6399697617383122
-0.044413045466890955,-0.7043582194724141,1.0,-1.7817542961322153
-0.08051693069665666,0.09000475745019387,0.08082544383551937,0.6552989078507142
0.48036458134060944,0.7475463800224762,-0.20744588028128041,2.1151021722581387
-0.20466133669217457,0.007801975513903825,0.44461564481498095,-0.2511321150519896
1.0,-0.8229968687796123,-0.6151707263228732,0.7781111022227152
0.8306842038268385,1.0,0.06790079853733189,8.716218552977116
-0.3311218401826288,-0.43864027169890174,1.0,0.20894888754044805
0.5106997264686863,-0.2888630606699645,0.30350936431269293,1.3300840889714474
0.8624797573745495,0.23862315946294244,-0.7552701890546349,2.7729316935108166
1.0,0.39030395363654,-1.0,10.8118797443555
0.536260727529434,-1.0,-0.22017771945278986,-0.4736435149323343
0.7761994622296338,0.36879520164137203,1.0,7.82449436419329
-0.21908626088087946,-0.6644263694980475,-0.39132093580240435,2.187725339205161
0.7701154098378198,0.18888208962408037,-1.0,-0.2786514954683661
1.0,-0.023220322402798477,0.0851529568612941,4.9433259381506796
0.8633764803511388,0.6574661708268335,-0.28357124646988163,3.1926840462632837
0.07727147333117657,0.3557175947882527,-0.06550676921791654,0.5857111194663664
-0.6266950017852706,0.20849516969351778,0.7396878926891866,-0.6388566765845131
-1.0,1.0,0.8159246257769379,4.272191645404506
-0.45299717313035237,1.0,1.0,16.04059024377939
-0.4548542475816415,1.0,-0.9478634512764044,1.6337857456858829
-0.46061372492208563,0.05612194374014168,1.0,1.6843924929380785
0.4733383670799509,-0.5211399246122941,0.2765066826389275,0.5763646684390059
-0.23091224945216937,-0.2211356965793405,-1.0,-2.5364639080322378
0.5758114405310446,-0.703969547117473,-0.01811574005752914,1.2386636408994256
1.0,0.15207021646498653,-0.27392258078569687,3.9933713589223556
-1.0,1.0,1.0,17.463321827002538
-0.886649869523314,0.22672779468050863,-1.0,8.359098285447972
-0.1795201589768567,-0.11205709288026688,1.0,0.26305307023225705
-1.0,0.27706121858146426,0.47384120869226565,-4.720092720889018
0.5486355788543651,-0.5405352044539087,-0.7232218019680645,0.46676584397921894
0.3568117391846095,-0.5322847873996117,0.5222708489515298,0.3475097985469305
1.0,-0.25336272749349553,0.4261903896839567,5.876689408905624
-0.722072441647323,0.3067017980779567,1.0,2.677686206889802
-1.0,0.0777734035669082,-0.45311831534694225,-2.476639956484408
-0.06266854279572898,0.8146559981752122,-0.08782275326537015,1.4573338800089108
-1.0,1.0,-0.07436200359691414,8.918239355108353
0.8140351359825284,1.0,-1.0,17.964839266726276
0.06914066708610678,0.5057657757125176,-0.5926780351347973,0.31399699481856064
0.8160255269094314,0.2733342943959105,-0.059288271067249765,2.246643607555359
-1.0,-0.4783311251128277,1.0,8.79737008010919
-0.6428139203853722,-0.8477708477059469,-0.8361619995867087,-1.4016411207851542
0.16250088626887615,-0.02010516946787755,0.3258358916045698,0.4725814789955933
-0.23329005615738607,-0.0937091260200631,-0.14910206442077012,-0.6449463364372479
0.20884759102746941,0.10778804055160407,0.026265604160877754,1.2984028563260113
0.811269170161049,-1.0,0.28648942760685303,-2.406027765200456
-0.17737656592932893,0.517586807259262,0.7253117440857504,1.108821001648323
-1.0,-0.3023504242277426,-0.5932537850106889,-1.8108575329408994
-0.3051740959539271,0.9814312615875804,-0.2194302363017795,6.0275490462757855
-0.6460143993594232,1.0,0.17671186025679342,3.830389158031277
1.0,-1.0,-0.042069723560702155,-8.445323570137312
0.28623341827512916,-1.0,0.7981448143486745,-2.0756084296428985
-1.0,0.024591481509852242,-0.16121838554790835,-3.8679168969907183
0.7543513438073135,-1.0,1.0,-6.753596911637453
-1.0,0.13484792713131322,-0.4472849060537385,-3.0423989477269413
0.944002505088388,1.0,1.0,21.78731709238823
-0.9868387376813901,-0.48389191453514036,0.4250831009057847,0.03785836004403574
0.4538284975189697,1.0,0.2152098531528015,7.439689013351476
-1.0,-0.256368219631141,-0.5644149117947588,-1.396560869157571
0.09486275500950359,0.5317700354820285,-0.8839291687159998,-1.5061492607660714
-0.22726764272925482,1.0,0.9824820950697286,13.907306030297637
-1.0,0.09848205079005212,0.9455166301719728,1.2934497073454319
0.9189998418336374,0.7524498427263016,-0.5096613468925988,5.837001383801437
-0.015283679168117681,0.5822670812726403,-0.47670604622008383,0.31163874308908246
-0.09665911425357931,-0.5728757515324161,0.9384580787953565,-1.0059927207594725
0.2925287491189834,0.0682230799331569,-0.20591522480305047,0.24209655045527978
-0.6267284592267106,0.5801145958405001,-1.0,-1.2938435893582467
-0.6159359491290961,-1.0,1.0,-1.1708114835712422
-0.3973162299391908,0.2686729174843505,1.0,1.971054438755579
-0.2770545914099567,-0.6290910682295647,-0.6488776402806946,-0.02492435621380934
-1.0,0.6058404181722861,0.8506642913266012,-1.565845955230991
0.30607800999896084,0.34477338964415627,0.01597075589678032,0.2061359170061583
