degree,method,strength,cv_mse
1,ridge,0.0,31.402375716576934
1,ridge,1e-06,31.40237462873434
1,ridge,0.0001,31.40226751046749
1,ridge,0.001,31.401345985289243
1,ridge,0.003,31.39963099574486
1,ridge,0.01,31.39709157537751
1,ridge,0.03,31.416046348441
1,ridge,0.1,31.687483217380937
1,lasso,0.003,31.402159570405512
1,relaxed_lasso,0.003,31.40237462873448
1,lasso,0.001,31.40228980500508
1,relaxed_lasso,0.001,31.40237462873448
1,lasso,0.0003,31.402348490835216
1,relaxed_lasso,0.0003,31.40237462873448
2,ridge,0.0,20.62286309929414
2,ridge,1e-06,20.62286171312534
2,ridge,0.0001,20.62272703474912
2,ridge,0.001,20.621732687878204
2,ridge,0.003,20.62097263624363
2,ridge,0.01,20.632907768242212
2,ridge,0.03,20.76786428590089
2,ridge,0.1,21.84583789208093
2,lasso,0.003,20.623298479037782
2,relaxed_lasso,0.003,20.622861713125516
2,lasso,0.001,20.622944414001307
2,relaxed_lasso,0.001,20.622861713125516
2,lasso,0.0003,20.62288079876158
2,relaxed_lasso,0.0003,20.622861713125516
3,ridge,0.0,10.675268065392881
3,ridge,1e-06,10.675266639295158
3,ridge,0.0001,10.675131049688428
3,ridge,0.001,10.674400387806063
3,ridge,0.003,10.675900909174251
3,ridge,0.01,10.711385271090071
3,ridge,0.03,11.001025596577342
3,ridge,0.1,12.870539831475446
3,lasso,0.003,10.677454318813645
3,relaxed_lasso,0.003,10.676887463774646
3,lasso,0.001,10.676088888330918
3,relaxed_lasso,0.001,10.675266639295344
3,lasso,0.0003,10.675495235165144
3,relaxed_lasso,0.0003,10.675266639295344
4,ridge,0.0,3.7098162397279113
4,ridge,1e-06,3.709816064857834
4,ridge,0.0001,3.709810402290676
4,ridge,0.001,3.710793761519528
4,ridge,0.003,3.719232896292933
4,ridge,0.01,3.8041736197978144
4,ridge,0.03,4.327453730972783
4,ridge,0.1,6.953724343602876
4,lasso,0.003,3.7167441722284216
4,relaxed_lasso,0.003,3.709598460686734
4,lasso,0.001,3.7116162118789555
4,relaxed_lasso,0.001,3.7098160648578635
4,lasso,0.0003,3.710306766188547
4,relaxed_lasso,0.0003,3.7098160648578635
5,ridge,0.0,1.4349481509143636
5,ridge,1e-06,1.434948807827442
5,ridge,0.0001,1.435031288032325
5,ridge,0.001,1.4373058032517334
5,ridge,0.003,1.4511591402868445
5,ridge,0.01,1.5682047375371593
5,ridge,0.03,2.1685939625018626
5,ridge,0.1,4.67876679021977
5,lasso,0.003,1.4401433699601447
5,relaxed_lasso,0.003,1.4355196011114444
5,lasso,0.001,1.4355141441368624
5,relaxed_lasso,0.001,1.4349488078273578
5,lasso,0.0003,1.4349941222310254
5,relaxed_lasso,0.0003,1.4349488078273578
6,ridge,0.0,0.629593794853758
6,ridge,1e-06,0.6295888808977216
6,ridge,0.0001,0.6291251621036497
6,ridge,0.001,0.6268631446315899
6,ridge,0.003,0.6325707006799101
6,ridge,0.01,0.7267050735815861
6,ridge,0.03,1.2345629026496143
6,ridge,0.1,3.3568144975009746
6,lasso,0.003,0.6294637947299131
6,relaxed_lasso,0.003,0.6295540345429924
6,lasso,0.001,0.6270156699852762
6,relaxed_lasso,0.001,0.6296097624653192
6,lasso,0.0003,0.6284897908233356
6,relaxed_lasso,0.0003,0.6295832594053932
7,ridge,0.0,0.3663459706087859
7,ridge,1e-06,0.36633901733585733
7,ridge,0.0001,0.36568832103744214
7,ridge,0.001,0.3628777575215886
7,ridge,0.003,0.3720127212691734
7,ridge,0.01,0.4887993579187982
7,ridge,0.03,1.0193670087798834
7,ridge,0.1,2.9852655960603136
7,lasso,0.003,0.38057164246144454
7,relaxed_lasso,0.003,0.36324382394830174
7,lasso,0.001,0.3652129776645433
7,relaxed_lasso,0.001,0.36681745109505737
7,lasso,0.0003,0.3657021074711264
7,relaxed_lasso,0.0003,0.3663544929064094
8,ridge,0.0,0.30767429282490055
8,ridge,1e-06,0.30766093921336224
8,ridge,0.0001,0.3064192788045258
8,ridge,0.001,0.30123723778695377
8,ridge,0.003,0.31467478334016497
8,ridge,0.01,0.45587635983890007
8,ridge,0.03,0.9802602535606619
8,ridge,0.1,2.697271874341879
8,lasso,0.003,0.3300035796927413
8,relaxed_lasso,0.003,0.3146267886024166
8,lasso,0.001,0.3032175025674916
8,relaxed_lasso,0.001,0.3040612742605594
8,lasso,0.0003,0.3039116949956454
8,relaxed_lasso,0.0003,0.3071476757182543
9,ridge,0.0,0.32326770588402925
9,ridge,1e-06,0.3232363843564985
9,ridge,0.0001,0.32040961911573496
9,ridge,0.001,0.311597254502495
9,ridge,0.003,0.3375838687315382
9,ridge,0.01,0.5168636524686099
9,ridge,0.03,1.055107691293436
9,ridge,0.1,2.658798088695449
9,lasso,0.003,0.3400207512144937
9,relaxed_lasso,0.003,0.3252377340404964
9,lasso,0.001,0.311030426357374
9,relaxed_lasso,0.001,0.3176368843422749
9,lasso,0.0003,0.31448025494405346
9,relaxed_lasso,0.0003,0.3235712225082679
10,ridge,0.0,0.40874509643388945
10,ridge,1e-06,0.40854656523074306
10,ridge,0.0001,0.39181155370016424
10,ridge,0.001,0.3513870873447743
10,ridge,0.003,0.39720631340867557
10,ridge,0.01,0.6173802952875957
10,ridge,0.03,1.1373837413496357
10,ridge,0.1,2.5679264255807
10,lasso,0.003,0.35297797688514165
10,relaxed_lasso,0.003,0.3321756121342617
10,lasso,0.001,0.3193450047934751
10,relaxed_lasso,0.001,0.3440585390914308
10,lasso,0.0003,0.34081375781766676
10,relaxed_lasso,0.0003,0.39014730643971224
11,ridge,0.0,0.7278993628594093
11,ridge,1e-06,0.7249742647935309
11,ridge,0.0001,0.5550268435514487
11,ridge,0.001,0.39239519014282287
11,ridge,0.003,0.4668556095611085
11,ridge,0.01,0.7326180321698577
11,ridge,0.03,1.260977150194464
11,ridge,0.1,2.6150837140534384
11,lasso,0.003,0.3675934869774252
11,relaxed_lasso,0.003,0.339801322303071
11,lasso,0.001,0.32302101410517275
11,relaxed_lasso,0.001,0.34547493654612466
11,lasso,0.0003,0.35619434963787994
11,relaxed_lasso,0.0003,0.44875361145158515
12,ridge,0.0,3.4524956309942163
12,ridge,1e-06,3.304293560885635
12,ridge,0.0001,0.9056739487892443
12,ridge,0.001,0.5333242312299195
12,ridge,0.003,0.6136037008654724
12,ridge,0.01,0.8761198567040092
12,ridge,0.03,1.3769643895962353
12,ridge,0.1,2.6268126511480547
12,lasso,0.003,0.38919568130015736
12,relaxed_lasso,0.003,0.36844921658925306
12,lasso,0.001,0.3469122587193528
12,relaxed_lasso,0.001,0.38787517283183065
12,lasso,0.0003,0.4074395160781193
12,relaxed_lasso,0.0003,0.6149795552152248
13,ridge,0.0,16.752477835279752
13,ridge,1e-06,12.546534828691911
13,ridge,0.0001,1.3969578544617467
13,ridge,0.001,0.7097174344941906
13,ridge,0.003,0.7563694149715066
13,ridge,0.01,0.9958507467117723
13,ridge,0.03,1.4834045719812772
13,ridge,0.1,2.6871120830873902
13,lasso,0.003,0.4016744581715376
13,relaxed_lasso,0.003,0.3935993206845402
13,lasso,0.001,0.3646672478402859
13,relaxed_lasso,0.001,0.4366255044318904
13,lasso,0.0003,0.4625619080296371
13,relaxed_lasso,0.0003,0.7820807361539013
14,ridge,0.0,166.67003857623567
14,ridge,1e-06,37.13658926264643
14,ridge,0.0001,1.885374133440089
14,ridge,0.001,0.8774149675445942
14,ridge,0.003,0.8951527383109827
14,ridge,0.01,1.1016241538202016
14,ridge,0.03,1.5559534298330904
14,ridge,0.1,2.689305649801185
14,lasso,0.003,0.425128108316872
14,relaxed_lasso,0.003,0.44081555470742445
14,lasso,0.001,0.4126278277725707
14,relaxed_lasso,0.001,0.501217092973133
14,lasso,0.0003,0.518612722129061
14,relaxed_lasso,0.0003,0.9320038700004313
15,ridge,0.0,20800166.230210643
15,ridge,1e-06,64.78270071523359
15,ridge,0.0001,2.009087995401678
15,ridge,0.001,1.0613868492466734
15,ridge,0.003,1.0485768013310623
15,ridge,0.01,1.2314621289758052
15,ridge,0.03,1.6737151124471723
15,ridge,0.1,2.7898560122398854
15,lasso,0.003,0.4235078422305053
15,relaxed_lasso,0.003,0.4235840902082038
15,lasso,0.001,0.42327651031786295
15,relaxed_lasso,0.001,0.6130069692088738
15,lasso,0.0003,0.5828169831052058
15,relaxed_lasso,0.0003,1.2222851278270856
16,ridge,0.0,7237805.966024958
16,ridge,1e-06,31.68700795592982
16,ridge,0.0001,1.9014295139659438
16,ridge,0.001,1.1549479463193086
16,ridge,0.003,1.128864954848558
16,ridge,0.01,1.2766042182832538
16,ridge,0.03,1.6924290668119562
16,ridge,0.1,2.7750804087553997
16,lasso,0.003,0.43243200802008896
16,relaxed_lasso,0.003,0.44868305339931647
16,lasso,0.001,0.45492956685104036
16,relaxed_lasso,0.001,0.6238433073799224
16,lasso,0.0003,0.5989245573275825
16,relaxed_lasso,0.0003,1.0971282891371472
17,ridge,0.0,2885433.0915507423
17,ridge,1e-06,23.649865493812843
17,ridge,0.0001,1.806125747720061
17,ridge,0.001,1.2614371871262506
17,ridge,0.003,1.2443241311781057
17,ridge,0.01,1.3996946227706781
17,ridge,0.03,1.8180480062500208
17,ridge,0.1,2.8869138543260933
17,lasso,0.003,0.43731553254817035
17,relaxed_lasso,0.003,0.4593548594068263
17,lasso,0.001,0.4584238932443177
17,relaxed_lasso,0.001,0.606361092910886
17,lasso,0.0003,0.6126730555894253
17,relaxed_lasso,0.0003,1.2330876541061273
18,ridge,0.0,1580872.5956138202
18,ridge,1e-06,20.922842518547213
18,ridge,0.0001,1.8185267360111481
18,ridge,0.001,1.2808177995955496
18,ridge,0.003,1.2580220710287864
18,ridge,0.01,1.4057391035715556
18,ridge,0.03,1.8191781678973993
18,ridge,0.1,2.872591109368453
18,lasso,0.003,0.45491695389482417
18,relaxed_lasso,0.003,0.5007684739860927
18,lasso,0.001,0.473359245973241
18,relaxed_lasso,0.001,0.6966463225307606
18,lasso,0.0003,0.6547475358013609
18,relaxed_lasso,0.0003,1.3975137164842146
19,ridge,0.0,509371.8602688991
19,ridge,1e-06,20.82655094468658
19,ridge,0.0001,1.9790115944058968
19,ridge,0.001,1.3949696826242906
19,ridge,0.003,1.3719154776407687
19,ridge,0.01,1.5278415429208319
19,ridge,0.03,1.9425198289677403
19,ridge,0.1,2.9799146549170086
19,lasso,0.003,0.45449437809192333
19,relaxed_lasso,0.003,0.523906566742004
19,lasso,0.001,0.4700514106677597
19,relaxed_lasso,0.001,0.6543630291011837
19,lasso,0.0003,0.6699290054388947
19,relaxed_lasso,0.0003,1.4019265869051527
20,ridge,0.0,95917.4494879286
20,ridge,1e-06,21.272699188305587
20,ridge,0.0001,1.8454177556727778
20,ridge,0.001,1.465736701161903
20,ridge,0.003,1.43757029106516
20,ridge,0.01,1.579685030431522
20,ridge,0.03,1.9774441617021299
20,ridge,0.1,2.9774039013857445
20,lasso,0.003,0.45924718416157184
20,relaxed_lasso,0.003,0.5128639984848801
20,lasso,0.001,0.49372727360822266
20,relaxed_lasso,0.001,0.690087973511122
20,lasso,0.0003,0.7217508301193342
20,relaxed_lasso,0.0003,1.4354468568766738
